Source,Destination,Target_Days,Target_Service_Pct
Delhi,Chandigarh,3,92.0
Delhi,Jaipur,3,92.0
Delhi,Lucknow,3,92.0
Delhi,Varanasi,5,90.0
Delhi,Mumbai,4,85.0
Delhi,Ahmedabad,5,90.0
Delhi,Surat,4,90.0
Delhi,Pune,4,85.0
Delhi,Bengaluru,5,85.0
Delhi,Chennai,5,85.0
Delhi,Hyderabad,4,85.0
Delhi,Kochi,6,85.0
Delhi,Coimbatore,5,85.0
Delhi,Visakhapatnam,5,85.0
Delhi,Kolkata,5,85.0
Delhi,Patna,5,90.0
Delhi,Bhubaneswar,6,85.0
Delhi,Bhopal,4,90.0
Delhi,Nagpur,4,90.0
Delhi,Indore,4,90.0
Delhi,Guwahati,6,85.0
Chandigarh,Delhi,3,92.0
Chandigarh,Jaipur,3,92.0
Chandigarh,Lucknow,3,90.0
Chandigarh,Varanasi,5,90.0
Chandigarh,Mumbai,5,85.0
Chandigarh,Ahmedabad,5,90.0
Chandigarh,Surat,5,85.0
Chandigarh,Pune,5,85.0
Chandigarh,Bengaluru,5,85.0
Chandigarh,Chennai,6,85.0
Chandigarh,Hyderabad,5,85.0
Chandigarh,Kochi,6,85.0
Chandigarh,Coimbatore,6,85.0
Chandigarh,Visakhapatnam,5,85.0
Chandigarh,Kolkata,5,85.0
Chandigarh,Patna,5,90.0
Chandigarh,Bhubaneswar,6,85.0
Chandigarh,Bhopal,5,90.0
Chandigarh,Nagpur,4,90.0
Chandigarh,Indore,5,90.0
Chandigarh,Guwahati,6,85.0
Jaipur,Delhi,3,92.0
Jaipur,Chandigarh,3,92.0
Jaipur,Lucknow,3,90.0
Jaipur,Varanasi,5,90.0
Jaipur,Mumbai,5,90.0
Jaipur,Ahmedabad,5,90.0
Jaipur,Surat,5,90.0
Jaipur,Pune,5,90.0
Jaipur,Bengaluru,5,85.0
Jaipur,Chennai,6,85.0
Jaipur,Hyderabad,5,90.0
Jaipur,Kochi,6,85.0
Jaipur,Coimbatore,6,85.0
Jaipur,Visakhapatnam,5,85.0
Jaipur,Kolkata,5,85.0
Jaipur,Patna,5,90.0
Jaipur,Bhubaneswar,6,85.0
Jaipur,Bhopal,5,92.0
Jaipur,Nagpur,4,90.0
Jaipur,Indore,5,92.0
Jaipur,Guwahati,6,85.0
Lucknow,Delhi,3,92.0
Lucknow,Chandigarh,3,90.0
Lucknow,Jaipur,3,90.0
Lucknow,Varanasi,5,92.0
Lucknow,Mumbai,5,85.0
Lucknow,Ahmedabad,5,90.0
Lucknow,Surat,5,90.0
Lucknow,Pune,5,85.0
Lucknow,Bengaluru,6,85.0
Lucknow,Chennai,6,85.0
Lucknow,Hyderabad,5,90.0
Lucknow,Kochi,6,85.0
Lucknow,Coimbatore,6,85.0
Lucknow,Visakhapatnam,6,90.0
Lucknow,Kolkata,5,90.0
Lucknow,Patna,6,92.0
Lucknow,Bhubaneswar,6,90.0
Lucknow,Bhopal,5,90.0
Lucknow,Nagpur,4,90.0
Lucknow,Indore,5,90.0
Lucknow,Guwahati,6,90.0
Varanasi,Delhi,5,90.0
Varanasi,Chandigarh,5,90.0
Varanasi,Jaipur,5,90.0
Varanasi,Lucknow,5,92.0
Varanasi,Mumbai,4,85.0
Varanasi,Ahmedabad,5,90.0
Varanasi,Surat,5,85.0
Varanasi,Pune,5,85.0
Varanasi,Bengaluru,5,85.0
Varanasi,Chennai,5,85.0
Varanasi,Hyderabad,4,90.0
Varanasi,Kochi,5,85.0
Varanasi,Coimbatore,5,85.0
Varanasi,Visakhapatnam,5,90.0
Varanasi,Kolkata,5,90.0
Varanasi,Patna,5,92.0
Varanasi,Bhubaneswar,5,90.0
Varanasi,Bhopal,4,90.0
Varanasi,Nagpur,3,90.0
Varanasi,Indore,4,90.0
Varanasi,Guwahati,6,90.0
Mumbai,Delhi,4,85.0
Mumbai,Chandigarh,5,85.0
Mumbai,Jaipur,5,90.0
Mumbai,Lucknow,5,85.0
Mumbai,Varanasi,4,85.0
Mumbai,Ahmedabad,3,92.0
Mumbai,Surat,3,92.0
Mumbai,Pune,2,92.0
Mumbai,Bengaluru,4,90.0
Mumbai,Chennai,4,90.0
Mumbai,Hyderabad,3,90.0
Mumbai,Kochi,4,90.0
Mumbai,Coimbatore,4,90.0
Mumbai,Visakhapatnam,4,90.0
Mumbai,Kolkata,5,85.0
Mumbai,Patna,6,85.0
Mumbai,Bhubaneswar,5,85.0
Mumbai,Bhopal,4,90.0
Mumbai,Nagpur,4,90.0
Mumbai,Indore,4,90.0
Mumbai,Guwahati,6,85.0
Ahmedabad,Delhi,5,90.0
Ahmedabad,Chandigarh,5,90.0
Ahmedabad,Jaipur,5,90.0
Ahmedabad,Lucknow,5,90.0
Ahmedabad,Varanasi,5,90.0
Ahmedabad,Mumbai,3,92.0
Ahmedabad,Surat,3,92.0
Ahmedabad,Pune,3,90.0
Ahmedabad,Bengaluru,5,85.0
Ahmedabad,Chennai,6,85.0
Ahmedabad,Hyderabad,4,90.0
Ahmedabad,Kochi,6,85.0
Ahmedabad,Coimbatore,6,85.0
Ahmedabad,Visakhapatnam,5,85.0
Ahmedabad,Kolkata,6,85.0
Ahmedabad,Patna,6,85.0
Ahmedabad,Bhubaneswar,6,85.0
Ahmedabad,Bhopal,5,90.0
Ahmedabad,Nagpur,4,90.0
Ahmedabad,Indore,5,92.0
Ahmedabad,Guwahati,6,85.0
Surat,Delhi,5,90.0
Surat,Chandigarh,5,85.0
Surat,Jaipur,5,90.0
Surat,Lucknow,5,90.0
Surat,Varanasi,5,85.0
Surat,Mumbai,3,92.0
Surat,Ahmedabad,3,92.0
Surat,Pune,3,92.0
Surat,Bengaluru,4,90.0
Surat,Chennai,4,85.0
Surat,Hyderabad,4,90.0
Surat,Kochi,6,85.0
Surat,Coimbatore,5,85.0
Surat,Visakhapatnam,4,85.0
Surat,Kolkata,5,85.0
Surat,Patna,6,85.0
Surat,Bhubaneswar,6,85.0
Surat,Bhopal,4,90.0
Surat,Nagpur,4,90.0
Surat,Indore,4,92.0
Surat,Guwahati,6,85.0
Pune,Delhi,4,85.0
Pune,Chandigarh,5,85.0
Pune,Jaipur,5,90.0
Pune,Lucknow,5,85.0
Pune,Varanasi,5,85.0
Pune,Mumbai,3,92.0
Pune,Ahmedabad,3,90.0
Pune,Surat,3,92.0
Pune,Bengaluru,4,90.0
Pune,Chennai,4,90.0
Pune,Hyderabad,4,90.0
Pune,Kochi,4,90.0
Pune,Coimbatore,4,90.0
Pune,Visakhapatnam,4,90.0
Pune,Kolkata,5,85.0
Pune,Patna,6,85.0
Pune,Bhubaneswar,6,85.0
Pune,Bhopal,4,90.0
Pune,Nagpur,4,90.0
Pune,Indore,4,90.0
Pune,Guwahati,6,85.0
Bengaluru,Delhi,5,85.0
Bengaluru,Chandigarh,5,85.0
Bengaluru,Jaipur,5,85.0
Bengaluru,Lucknow,6,85.0
Bengaluru,Varanasi,5,85.0
Bengaluru,Mumbai,4,90.0
Bengaluru,Ahmedabad,5,85.0
Bengaluru,Surat,4,90.0
Bengaluru,Pune,4,90.0
Bengaluru,Chennai,3,92.0
Bengaluru,Hyderabad,3,90.0
Bengaluru,Kochi,3,92.0
Bengaluru,Coimbatore,3,92.0
Bengaluru,Visakhapatnam,4,90.0
Bengaluru,Kolkata,5,85.0
Bengaluru,Patna,6,85.0
Bengaluru,Bhubaneswar,5,85.0
Bengaluru,Bhopal,4,85.0
Bengaluru,Nagpur,4,90.0
Bengaluru,Indore,4,90.0
Bengaluru,Guwahati,6,85.0
Chennai,Delhi,5,85.0
Chennai,Chandigarh,6,85.0
Chennai,Jaipur,6,85.0
Chennai,Lucknow,6,85.0
Chennai,Varanasi,5,85.0
Chennai,Mumbai,4,90.0
Chennai,Ahmedabad,6,85.0
Chennai,Surat,4,85.0
Chennai,Pune,4,90.0
Chennai,Bengaluru,3,92.0
Chennai,Hyderabad,4,90.0
Chennai,Kochi,3,90.0
Chennai,Coimbatore,3,92.0
Chennai,Visakhapatnam,4,90.0
Chennai,Kolkata,6,85.0
Chennai,Patna,6,85.0
Chennai,Bhubaneswar,6,90.0
Chennai,Bhopal,5,85.0
Chennai,Nagpur,4,90.0
Chennai,Indore,5,85.0
Chennai,Guwahati,6,85.0
Hyderabad,Delhi,4,85.0
Hyderabad,Chandigarh,5,85.0
Hyderabad,Jaipur,5,90.0
Hyderabad,Lucknow,5,90.0
Hyderabad,Varanasi,4,90.0
Hyderabad,Mumbai,3,90.0
Hyderabad,Ahmedabad,4,90.0
Hyderabad,Surat,4,90.0
Hyderabad,Pune,4,90.0
Hyderabad,Bengaluru,3,90.0
Hyderabad,Chennai,4,90.0
Hyderabad,Kochi,4,90.0
Hyderabad,Coimbatore,4,90.0
Hyderabad,Visakhapatnam,3,90.0
Hyderabad,Kolkata,4,85.0
Hyderabad,Patna,5,85.0
Hyderabad,Bhubaneswar,5,90.0
Hyderabad,Bhopal,4,90.0
Hyderabad,Nagpur,3,92.0
Hyderabad,Indore,4,90.0
Hyderabad,Guwahati,5,85.0
Kochi,Delhi,6,85.0
Kochi,Chandigarh,6,85.0
Kochi,Jaipur,6,85.0
Kochi,Lucknow,6,85.0
Kochi,Varanasi,5,85.0
Kochi,Mumbai,4,90.0
Kochi,Ahmedabad,6,85.0
Kochi,Surat,6,85.0
Kochi,Pune,4,90.0
Kochi,Bengaluru,3,92.0
Kochi,Chennai,3,90.0
Kochi,Hyderabad,4,90.0
Kochi,Coimbatore,3,92.0
Kochi,Visakhapatnam,5,85.0
Kochi,Kolkata,6,85.0
Kochi,Patna,6,85.0
Kochi,Bhubaneswar,6,85.0
Kochi,Bhopal,5,85.0
Kochi,Nagpur,4,85.0
Kochi,Indore,5,85.0
Kochi,Guwahati,6,85.0
Coimbatore,Delhi,5,85.0
Coimbatore,Chandigarh,6,85.0
Coimbatore,Jaipur,6,85.0
Coimbatore,Lucknow,6,85.0
Coimbatore,Varanasi,5,85.0
Coimbatore,Mumbai,4,90.0
Coimbatore,Ahmedabad,6,85.0
Coimbatore,Surat,5,85.0
Coimbatore,Pune,4,90.0
Coimbatore,Bengaluru,3,92.0
Coimbatore,Chennai,3,92.0
Coimbatore,Hyderabad,4,90.0
Coimbatore,Kochi,3,92.0
Coimbatore,Visakhapatnam,4,90.0
Coimbatore,Kolkata,6,85.0
Coimbatore,Patna,6,85.0
Coimbatore,Bhubaneswar,6,85.0
Coimbatore,Bhopal,5,85.0
Coimbatore,Nagpur,4,85.0
Coimbatore,Indore,5,85.0
Coimbatore,Guwahati,6,85.0
Visakhapatnam,Delhi,5,85.0
Visakhapatnam,Chandigarh,5,85.0
Visakhapatnam,Jaipur,5,85.0
Visakhapatnam,Lucknow,6,90.0
Visakhapatnam,Varanasi,5,90.0
Visakhapatnam,Mumbai,4,90.0
Visakhapatnam,Ahmedabad,5,85.0
Visakhapatnam,Surat,4,85.0
Visakhapatnam,Pune,4,90.0
Visakhapatnam,Bengaluru,4,90.0
Visakhapatnam,Chennai,4,90.0
Visakhapatnam,Hyderabad,3,90.0
Visakhapatnam,Kochi,5,85.0
Visakhapatnam,Coimbatore,4,90.0
Visakhapatnam,Kolkata,5,90.0
Visakhapatnam,Patna,6,90.0
Visakhapatnam,Bhubaneswar,5,92.0
Visakhapatnam,Bhopal,4,90.0
Visakhapatnam,Nagpur,4,90.0
Visakhapatnam,Indore,4,90.0
Visakhapatnam,Guwahati,6,85.0
Kolkata,Delhi,5,85.0
Kolkata,Chandigarh,5,85.0
Kolkata,Jaipur,5,85.0
Kolkata,Lucknow,5,90.0
Kolkata,Varanasi,5,90.0
Kolkata,Mumbai,5,85.0
Kolkata,Ahmedabad,5,85.0
Kolkata,Surat,5,85.0
Kolkata,Pune,5,85.0
Kolkata,Bengaluru,5,85.0
Kolkata,Chennai,6,85.0
Kolkata,Hyderabad,4,85.0
Kolkata,Kochi,6,85.0
Kolkata,Coimbatore,6,85.0
Kolkata,Visakhapatnam,5,90.0
Kolkata,Patna,3,92.0
Kolkata,Bhubaneswar,3,92.0
Kolkata,Bhopal,4,85.0
Kolkata,Nagpur,4,90.0
Kolkata,Indore,4,85.0
Kolkata,Guwahati,3,90.0
Patna,Delhi,5,90.0
Patna,Chandigarh,5,90.0
Patna,Jaipur,5,90.0
Patna,Lucknow,6,92.0
Patna,Varanasi,5,92.0
Patna,Mumbai,6,85.0
Patna,Ahmedabad,6,85.0
Patna,Surat,6,85.0
Patna,Pune,6,85.0
Patna,Bengaluru,6,85.0
Patna,Chennai,6,85.0
Patna,Hyderabad,5,85.0
Patna,Kochi,6,85.0
Patna,Coimbatore,6,85.0
Patna,Visakhapatnam,6,90.0
Patna,Kolkata,3,92.0
Patna,Bhubaneswar,4,90.0
Patna,Bhopal,5,90.0
Patna,Nagpur,5,90.0
Patna,Indore,5,90.0
Patna,Guwahati,4,90.0
Bhubaneswar,Delhi,6,85.0
Bhubaneswar,Chandigarh,6,85.0
Bhubaneswar,Jaipur,6,85.0
Bhubaneswar,Lucknow,6,90.0
Bhubaneswar,Varanasi,5,90.0
Bhubaneswar,Mumbai,5,85.0
Bhubaneswar,Ahmedabad,6,85.0
Bhubaneswar,Surat,6,85.0
Bhubaneswar,Pune,6,85.0
Bhubaneswar,Bengaluru,5,85.0
Bhubaneswar,Chennai,6,90.0
Bhubaneswar,Hyderabad,5,90.0
Bhubaneswar,Kochi,6,85.0
Bhubaneswar,Coimbatore,6,85.0
Bhubaneswar,Visakhapatnam,5,92.0
Bhubaneswar,Kolkata,3,92.0
Bhubaneswar,Patna,3,90.0
Bhubaneswar,Bhopal,5,90.0
Bhubaneswar,Nagpur,4,90.0
Bhubaneswar,Indore,5,90.0
Bhubaneswar,Guwahati,4,90.0
Bhopal,Delhi,4,90.0
Bhopal,Chandigarh,5,90.0
Bhopal,Jaipur,5,92.0
Bhopal,Lucknow,5,90.0
Bhopal,Varanasi,4,90.0
Bhopal,Mumbai,4,90.0
Bhopal,Ahmedabad,5,90.0
Bhopal,Surat,4,90.0
Bhopal,Pune,4,90.0
Bhopal,Bengaluru,4,85.0
Bhopal,Chennai,5,85.0
Bhopal,Hyderabad,4,90.0
Bhopal,Kochi,5,85.0
Bhopal,Coimbatore,5,85.0
Bhopal,Visakhapatnam,4,90.0
Bhopal,Kolkata,4,85.0
Bhopal,Patna,5,90.0
Bhopal,Bhubaneswar,5,90.0
Bhopal,Nagpur,3,92.0
Bhopal,Indore,3,92.0
Bhopal,Guwahati,5,85.0
Nagpur,Delhi,4,90.0
Nagpur,Chandigarh,4,90.0
Nagpur,Jaipur,4,90.0
Nagpur,Lucknow,4,90.0
Nagpur,Varanasi,3,90.0
Nagpur,Mumbai,4,90.0
Nagpur,Ahmedabad,4,90.0
Nagpur,Surat,4,90.0
Nagpur,Pune,4,90.0
Nagpur,Bengaluru,4,90.0
Nagpur,Chennai,4,90.0
Nagpur,Hyderabad,3,92.0
Nagpur,Kochi,4,85.0
Nagpur,Coimbatore,4,85.0
Nagpur,Visakhapatnam,4,90.0
Nagpur,Kolkata,4,90.0
Nagpur,Patna,5,90.0
Nagpur,Bhubaneswar,4,90.0
Nagpur,Bhopal,3,92.0
Nagpur,Indore,3,92.0
Nagpur,Guwahati,5,85.0
Indore,Delhi,4,90.0
Indore,Chandigarh,5,90.0
Indore,Jaipur,5,92.0
Indore,Lucknow,5,90.0
Indore,Varanasi,4,90.0
Indore,Mumbai,4,90.0
Indore,Ahmedabad,5,92.0
Indore,Surat,4,92.0
Indore,Pune,4,90.0
Indore,Bengaluru,4,90.0
Indore,Chennai,5,85.0
Indore,Hyderabad,4,90.0
Indore,Kochi,5,85.0
Indore,Coimbatore,5,85.0
Indore,Visakhapatnam,4,90.0
Indore,Kolkata,4,85.0
Indore,Patna,5,90.0
Indore,Bhubaneswar,5,90.0
Indore,Bhopal,3,92.0
Indore,Nagpur,3,92.0
Indore,Guwahati,5,85.0
Guwahati,Delhi,6,85.0
Guwahati,Chandigarh,6,85.0
Guwahati,Jaipur,6,85.0
Guwahati,Lucknow,6,90.0
Guwahati,Varanasi,6,90.0
Guwahati,Mumbai,6,85.0
Guwahati,Ahmedabad,6,85.0
Guwahati,Surat,6,85.0
Guwahati,Pune,6,85.0
Guwahati,Bengaluru,6,85.0
Guwahati,Chennai,6,85.0
Guwahati,Hyderabad,5,85.0
Guwahati,Kochi,6,85.0
Guwahati,Coimbatore,6,85.0
Guwahati,Visakhapatnam,6,85.0
Guwahati,Kolkata,3,90.0
Guwahati,Patna,4,90.0
Guwahati,Bhubaneswar,4,90.0
Guwahati,Bhopal,5,85.0
Guwahati,Nagpur,5,85.0
Guwahati,Indore,5,85.0
